energy,max_power,max_power_freq,mean_spectrum,var_spectrum,max_spectrum,min_spectrum,entropy,no zero crossing,no mean crossings,n5,n25,n75,n95,median,mean,std,var,rms,Type
2.1135017566109626,0.018323656331904498,0.4921875,0.0005001301390313319,8.795384234345959e-07,0.020338345447372046,4.4875487274967074e-10,8.540909718033554,3972.0,3972.0,-0.025267937515191255,-0.009997977064024586,0.009425799191903811,0.026423017909652357,-0.00022470026288095283,1.0029517745837513e-06,0.020317315541974693,0.0004127933108321664,0.013368678849867833,Locales
1.828432777284084,0.034444161432637274,0.23828125,0.0004889494009313472,7.350068406005859e-07,0.011035169810364237,4.766823562393427e-11,8.540638957416146,2461.0,2461.0,-0.02820125931693587,-0.014795038621123026,0.014410643297819686,0.03078381473634041,-0.0006330932188194146,-2.242386218896684e-06,0.01889750702566351,0.0003571157717850017,0.01564589981390483,Locales
0.8304009785825688,0.0028879874567699438,0.08203125,0.0003948423022681491,2.903716593896199e-07,0.004030468652979584,3.204447078017322e-09,8.540638957416146,1234.0,1234.0,-0.017013486344075672,-0.00848592085916616,0.007150115533548556,0.022976287752367743,-0.0016282871331855494,1.239434444333566e-06,0.01273529307056615,0.0001621876895932102,0.009759561518586493,Locales
1.2181455321381693,0.006005115272178721,0.4921875,0.0004209299141010748,5.343242630978674e-07,0.012718450754864273,4.283824730459417e-10,8.489616423646002,3721.0,3721.0,-0.02347911576098517,-0.009376081120433465,0.009291106498441549,0.0237077475166937,-8.365489842025498e-06,3.9681528086263287e-07,0.015825331096433134,0.0002504411043117336,0.011710698257848236,Locales
0.7113747962043085,0.002646612069778715,0.1640625,0.00037515320353851,2.6253516735327787e-07,0.004974368411822604,1.1282253560215838e-09,8.489331412469785,2653.0,2649.0,-0.019461077573046492,-0.007841459962924475,0.007627602638433087,0.019379098067471866,0.0002138578143292743,1.8385589540314997e-06,0.012093512252546597,0.00014625303860249465,0.00943622697231545,Locales
0.21944738612123213,0.0025184285370834164,0.1640625,0.00019217610073290627,9.108488086669095e-08,0.003151802819931554,1.0630291722257965e-08,8.489331412469785,1383.0,1383.0,-0.010484462308456365,-0.004756866345809681,0.004575885099010393,0.011274804767392236,-0.0002170067383262555,-2.2353742348300535e-06,0.006716892518885742,4.511664511026325e-05,0.005397271500598707,Locales
7.944793691573028,0.14818563683055413,0.49609375,0.0007338287653590042,6.428598570158411e-06,0.05355567889568179,6.186597066973302e-09,8.184234774094822,2960.0,2960.0,-0.03599466119300802,-0.010712289362040668,0.010494632130750029,0.037058569671578154,0.00023620648369658808,5.252072032498526e-06,0.04708226081743033,0.0022167392836805353,0.02164297773784454,Locales
1.0271981293457746,0.0028391682882550648,0.26171875,0.0004755098530126734,6.44611532236613e-07,0.007359533983289296,1.4797829840689425e-09,8.184234774094822,2076.0,2076.0,-0.019568866627300625,-0.007023588722183061,0.0067585475215170224,0.01965058740156073,2.208672110655223e-05,4.886525991873647e-06,0.01692945944302632,0.0002866065970330731,0.010081709473345477,Locales
0.4542587977315197,0.002673740569217768,0.13671875,0.0002538303590640602,3.4244173046551053e-07,0.008345932776262126,9.54014635410726e-10,8.184234774094822,956.0,958.0,-0.008610519497292368,-0.0033924821452654356,0.0029329114421695513,0.010450442353070856,-0.00048243922351533865,-1.0138598024397364e-05,0.011258162085356975,0.0001267462135401693,0.0053145904409725745,Locales
7.944793691573028,0.14818563683055413,0.49609375,0.0007338287653590042,6.428598570158411e-06,0.05355567889568179,6.186597066973302e-09,8.184234774094822,2960.0,2960.0,-0.03599466119300802,-0.010712289362040668,0.010494632130750029,0.037058569671578154,0.00023620648369658808,5.252072032498526e-06,0.04708226081743033,0.0022167392836805353,0.02164297773784454,Locales
1.0271981293457746,0.0028391682882550648,0.26171875,0.0004755098530126734,6.44611532236613e-07,0.007359533983289296,1.4797829840689425e-09,8.184234774094822,2076.0,2076.0,-0.019568866627300625,-0.007023588722183061,0.0067585475215170224,0.01965058740156073,2.208672110655223e-05,4.886525991873647e-06,0.01692945944302632,0.0002866065970330731,0.010081709473345477,Locales
0.4542587977315197,0.002673740569217768,0.13671875,0.0002538303590640602,3.4244173046551053e-07,0.008345932776262126,9.54014635410726e-10,8.184234774094822,956.0,958.0,-0.008610519497292368,-0.0033924821452654356,0.0029329114421695513,0.010450442353070856,-0.00048243922351533865,-1.0138598024397364e-05,0.011258162085356975,0.0001267462135401693,0.0053145904409725745,Locales
0.9464709046469018,0.008727064629693783,0.4921875,0.0004287156294475625,7.70331180979277e-07,0.013031440162813913,4.075902931775982e-09,7.847762537473608,2172.0,2172.0,-0.02837689641492061,-0.01052533424019565,0.010421449802116366,0.02816033376381547,-0.00020621453755926856,4.2789985907653055e-06,0.019227979062238106,0.000369715178817867,0.013865854086629917,Locales
0.25693219091004316,0.0025923102499415943,0.16796875,0.0003059780975077212,1.7133578845695674e-07,0.003966808254647041,9.254660537685844e-09,7.847762537473608,1276.0,1276.0,-0.014981631606365385,-0.005864066769124332,0.005811078348548459,0.015553905808551602,7.0651201888146e-05,8.932867878111982e-07,0.01001819026951846,0.00010036413627627434,0.007443409361359274,Locales
0.15097049681610508,0.0025387058414294383,0.16796875,0.0001970059903457074,1.1757389270747128e-07,0.003945042078172037,5.307346583646822e-09,7.847762537473608,719.0,719.0,-0.011385988567141472,-0.0050530806119481065,0.004763313425393872,0.012827711190138445,-0.00027296293788883373,-5.172285378340197e-06,0.00767937650895273,5.897282356625501e-05,0.005948434852809796,Locales
2.5519738657596096,0.02142974767940908,0.4921875,0.00042937956545890325,1.195452251863293e-06,0.027404704362440347,4.0273064819298734e-09,8.540909718033554,4358.0,4358.0,-0.027473377588709588,-0.013153941953736177,0.013190955482551408,0.02798568021759718,-0.0002341373045658455,3.367705766503324e-06,0.02232559930471591,0.0004984323843147316,0.01599465734121008,Locales
0.5916597742635672,0.0015055118154440824,0.16015625,0.0003371775194513091,1.873688404904581e-07,0.003915201118806889,1.3655681229080095e-09,8.540909718033554,2722.0,2718.0,-0.015299022643571789,-0.005948586894622059,0.005683025095224613,0.015883258973480707,-5.311236477744853e-05,4.180453447808112e-06,0.010749815448865248,0.00011555853218466195,0.007602923673442774,Locales
0.4656982622831962,0.0018663678080736836,0.16015625,0.00023458938210750888,1.7145447482977089e-07,0.005530915281435417,8.638858759867526e-10,8.540909718033554,1281.0,1281.0,-0.010557524792836155,-0.005050765462316734,0.0045193543132727755,0.013381246452507057,-0.0006831434816581993,-7.548159214280491e-06,0.00953711879329807,9.095663487747923e-05,0.00619030447382486,Locales
0.9911382603082475,0.008379940950037256,0.48828125,0.0004298934226863209,6.414088397363713e-07,0.011931730637744798,1.351493535003606e-09,8.1101268019411,2709.0,2709.0,-0.02643359145505545,-0.009320930561949603,0.009512192768490822,0.02617290514648991,1.1541118845275242e-05,-1.014371907232768e-06,0.017257403797863634,0.0002978179858425182,0.012582360001076024,Locales
0.5603425352001161,0.0030026084296009463,0.17578125,0.0003951499755462312,2.9371756206610505e-07,0.005336475681912471,2.050494883953989e-10,8.10929369234908,1621.0,1621.0,-0.019128516157713327,-0.00723990508459579,0.007157049124412122,0.01875413091282922,0.00013254897671133295,-7.286241928103479e-07,0.012975829664370485,0.00016837215547875706,0.009379788841011462,Locales
0.3093464523631957,0.0032136186183523304,0.15625,0.000249636572152302,1.8168437233700124e-07,0.005068785251662039,1.6268114060851688e-08,8.1101268019411,963.0,963.0,-0.012884285947038143,-0.00580285403125731,0.005493920698979277,0.01425074001113059,-0.0002861837476649573,1.7429961001362293e-06,0.009641195824526497,9.295265692686715e-05,0.0069647016227049946,Locales
0.7198448007564631,0.006588160760564702,0.39453125,0.000457245922932098,4.916974225710802e-07,0.0075318332883012136,7.378466433007077e-10,7.943072717277933,2162.0,2162.0,-0.025814787985239937,-0.01104066969653189,0.011025002262948235,0.0262074071883302,-0.00010689401432034074,2.3579915959559608e-06,0.015988330095853053,0.0002556266992539605,0.012826598964965743,Locales
0.45237285739219946,0.0036398857146938044,0.19140625,0.00040626150605131364,2.7390560767966236e-07,0.0038268437493600145,2.0708498307402427e-09,7.943072717277933,1590.0,1588.0,-0.021057344821792185,-0.008661879012024228,0.008288525796262353,0.02100134647463204,6.191388559247576e-10,2.9548976597993365e-06,0.012674532009085483,0.00016064376164933247,0.010051855085094118,Locales
0.15453103778380275,0.0014098426542688486,0.19140625,0.00021417137991054772,1.031583135693904e-07,0.002869012504086952,8.858947177146839e-09,7.943072717277933,608.0,608.0,-0.010800289587061671,-0.005486286631336747,0.004723019186590611,0.013226278950388715,-0.000632388772536505,-5.312889255863683e-06,0.0074078371021277485,5.487605053166044e-05,0.005922438471139005,Locales
0.6167422844883438,0.015432859518761414,0.4140625,0.00042339746828007883,6.826424677818623e-07,0.010003366300721135,1.8164637010285675e-09,7.4910875935348775,1437.0,1437.0,-0.02957831855891453,-0.013652456612909675,0.013962058528610499,0.029306523638473324,-0.0006223742877503179,-4.560053720838705e-08,0.018551663571027176,0.00034416422125257675,0.015317473897272092,Locales
0.24786937226394534,0.0032866965392094796,0.1796875,0.00036106519944333797,2.2526951425971644e-07,0.0036794891037453424,1.1438693673331132e-08,7.4910875935348775,998.0,998.0,-0.018459915461047246,-0.008212778775511523,0.007383966269766802,0.020000753422978634,-0.00015069318615671166,-1.1973138062110756e-06,0.01176095067446939,0.00013831996076730198,0.00936936042665824,Locales
0.09268666729107841,0.002000154579239207,0.1796875,0.0002009320816181053,9.181112755281691e-08,0.00288282703098226,3.1236943129261324e-09,7.4910875935348775,447.0,447.0,-0.010794988650993953,-0.005260376467228438,0.004539641853115685,0.012806944224983364,-0.0005640946884257577,1.242914343430777e-06,0.007191833496522512,5.172246904170323e-05,0.005745140938520439,Locales
8.959154573752404,0.2005349840726802,0.48828125,0.0008068119111422032,5.62389436554827e-06,0.06816845971058122,3.6184808511299167e-09,8.1101268019411,2728.0,2728.0,-0.04775269740928757,-0.014854247417766324,0.015062220465955744,0.04799792851574999,-0.00022866449179745487,-4.867136941634272e-06,0.05188500394419821,0.002692053634289464,0.026709427284452254,Locales
1.2971721441860842,0.006533468080232921,0.31640625,0.0005838593000812325,7.006159474654007e-07,0.010204292593900226,4.177777459781406e-09,8.1101268019411,1948.0,1946.0,-0.030796497061221614,-0.010888703445421621,0.010471689412041369,0.03068761001483604,-4.6334959236825544e-05,-2.0880835318328405e-06,0.01974272725207103,0.00038977527934966805,0.014389048872660895,Locales
0.2510136948606685,0.001253965515190056,0.09375,0.00025170539166308913,1.2803733493657464e-07,0.004249180473493335,3.3503413249236795e-10,8.1101268019411,1132.0,1132.0,-0.010274986938925233,-0.00392102402356327,0.0036327599242320123,0.01188824826508476,-0.0003810705346915018,6.955220473457987e-06,0.008684741777629283,7.542473974409943e-05,0.005531219597151949,Locales
1.8659825021326428,0.022826733812116654,0.4921875,0.0004990300407341086,1.2082290493950593e-06,0.021566496230348814,6.366352299880963e-10,8.184234774094822,2713.0,2713.0,-0.03158225758309058,-0.010327083460617384,0.010522378449490107,0.031586549823649855,5.981541155488229e-05,-7.461113349313959e-07,0.022817590553220878,0.0005206424386544347,0.01519709480987896,Locales
1.1825042627721172,0.0070848082326828415,0.27734375,0.0004886728971024778,6.21599647776194e-07,0.009023228229869902,1.913379374645502e-10,8.184234774094822,1936.0,1932.0,-0.028292986344488836,-0.010798623186798547,0.010813456724463818,0.027521655926351096,0.00023733259145092132,-2.8056958747252306e-06,0.018164245032179036,0.0003299397975890408,0.013603874056073212,Locales
0.5084477850048656,0.002673251872042609,0.13671875,0.0002767906516497625,2.675829343580283e-07,0.006655851488862294,2.4057992798027453e-09,8.184234774094822,991.0,991.0,-0.012064703392300563,-0.004979762358896557,0.004490854802844732,0.013665632798290988,-0.0005631952124794604,3.5518072096468793e-06,0.011910751396354273,0.00014186599882575528,0.007032610908202141,Locales
4.983604087646825,0.057148954508625754,0.49609375,0.00048636100289131554,2.6004846089954966e-06,0.034835782622642225,3.646618292370867e-09,8.589699882202984,4513.0,4513.0,-0.028829526521949367,-0.010131080259401952,0.010067753298765053,0.028586991208559002,-9.402075472233013e-05,-1.8201325279207785e-06,0.03044683375343844,0.0009270096856095182,0.016097721039585327,Locales
0.6659927696418124,0.0019906158874108924,0.30078125,0.0003228667346506649,2.2859865634356029e-07,0.006022256346072571,2.3975494418298268e-09,8.589699882202984,2900.0,2900.0,-0.01571310114392352,-0.006301824222038145,0.006191265932599638,0.016100055269697315,-0.0002763958146979836,2.2109505399374464e-06,0.01113025510715849,0.00012388257875042767,0.007932714111259771,Locales
0.1887879814818058,0.0013784797363199433,0.171875,0.00016228519173179428,6.780949179859218e-08,0.002906916298023037,4.4292375877798386e-10,8.589699882202984,1689.0,1689.0,-0.007978213054797404,-0.003886399782248777,0.0035161678969687204,0.009022752225509719,-0.00022494287449089805,-3.908180120538515e-07,0.005925943965213237,3.5116811878847185e-05,0.004378595432445632,Locales
4.983604087646825,0.057148954508625754,0.49609375,0.00048636100289131554,2.6004846089954966e-06,0.034835782622642225,3.646618292370867e-09,8.589699882202984,4513.0,4513.0,-0.028829526521949367,-0.010131080259401952,0.010067753298765053,0.028586991208559002,-9.402075472233013e-05,-1.8201325279207785e-06,0.03044683375343844,0.0009270096856095182,0.016097721039585327,Locales
0.6659927696418124,0.0019906158874108924,0.30078125,0.0003228667346506649,2.2859865634356029e-07,0.006022256346072571,2.3975494418298268e-09,8.589699882202984,2900.0,2900.0,-0.01571310114392352,-0.006301824222038145,0.006191265932599638,0.016100055269697315,-0.0002763958146979836,2.2109505399374464e-06,0.01113025510715849,0.00012388257875042767,0.007932714111259771,Locales
0.1887879814818058,0.0013784797363199433,0.171875,0.00016228519173179428,6.780949179859218e-08,0.002906916298023037,4.4292375877798386e-10,8.589699882202984,1689.0,1689.0,-0.007978213054797404,-0.003886399782248777,0.0035161678969687204,0.009022752225509719,-0.00022494287449089805,-3.908180120538515e-07,0.005925943965213237,3.5116811878847185e-05,0.004378595432445632,Locales
4.983604087646825,0.057148954508625754,0.49609375,0.00048636100289131554,2.6004846089954966e-06,0.034835782622642225,3.646618292370867e-09,8.589699882202984,4513.0,4513.0,-0.028829526521949367,-0.010131080259401952,0.010067753298765053,0.028586991208559002,-9.402075472233013e-05,-1.8201325279207785e-06,0.03044683375343844,0.0009270096856095182,0.016097721039585327,Locales
0.6659927696418124,0.0019906158874108924,0.30078125,0.0003228667346506649,2.2859865634356029e-07,0.006022256346072571,2.3975494418298268e-09,8.589699882202984,2900.0,2900.0,-0.01571310114392352,-0.006301824222038145,0.006191265932599638,0.016100055269697315,-0.0002763958146979836,2.2109505399374464e-06,0.01113025510715849,0.00012388257875042767,0.007932714111259771,Locales
0.1887879814818058,0.0013784797363199433,0.171875,0.00016228519173179428,6.780949179859218e-08,0.002906916298023037,4.4292375877798386e-10,8.589699882202984,1689.0,1689.0,-0.007978213054797404,-0.003886399782248777,0.0035161678969687204,0.009022752225509719,-0.00022494287449089805,-3.908180120538515e-07,0.005925943965213237,3.5116811878847185e-05,0.004378595432445632,Locales
4.983604087646825,0.057148954508625754,0.49609375,0.00048636100289131554,2.6004846089954966e-06,0.034835782622642225,3.646618292370867e-09,8.589699882202984,4513.0,4513.0,-0.028829526521949367,-0.010131080259401952,0.010067753298765053,0.028586991208559002,-9.402075472233013e-05,-1.8201325279207785e-06,0.03044683375343844,0.0009270096856095182,0.016097721039585327,Locales
0.6659927696418124,0.0019906158874108924,0.30078125,0.0003228667346506649,2.2859865634356029e-07,0.006022256346072571,2.3975494418298268e-09,8.589699882202984,2900.0,2900.0,-0.01571310114392352,-0.006301824222038145,0.006191265932599638,0.016100055269697315,-0.0002763958146979836,2.2109505399374464e-06,0.01113025510715849,0.00012388257875042767,0.007932714111259771,Locales
0.1887879814818058,0.0013784797363199433,0.171875,0.00016228519173179428,6.780949179859218e-08,0.002906916298023037,4.4292375877798386e-10,8.589699882202984,1689.0,1689.0,-0.007978213054797404,-0.003886399782248777,0.0035161678969687204,0.009022752225509719,-0.00022494287449089805,-3.908180120538515e-07,0.005925943965213237,3.5116811878847185e-05,0.004378595432445632,Locales
6.247891050839687,0.10431288881083066,0.4921875,0.0005798734208990756,4.2828820662103454e-06,0.047571169027804464,9.101070707076379e-09,8.317766166719341,3436.0,3436.0,-0.02784095254202792,-0.008724346156368456,0.0088054977457426,0.027588811276335227,-0.00020378251141508412,1.581651346466079e-06,0.039055908945795734,0.0015253640235822874,0.01757572726235544,Locales
1.1211720112814274,0.013802953826762191,0.171875,0.00047523116497552175,5.113392959648854e-07,0.00878369513268027,9.760460124592224e-10,8.317766166719341,1669.0,1671.0,-0.022175843684331436,-0.010593634703984507,0.010203084506599017,0.02495850368748433,-0.0010495996828746063,-7.101357224848642e-06,0.016544593834164692,0.0002737235851374803,0.01238221763984371,Locales
0.9652395656550974,0.012105933464949896,0.171875,0.00039797909458272736,4.763894081005819e-07,0.00835875675342666,1.0081171705567306e-09,8.317766166719341,1262.0,1262.0,-0.019894767971632442,-0.010088624797554136,0.009638153220046814,0.023107722277312066,-0.0004352287907369727,5.519705878468875e-06,0.01535103124765926,0.000235654160366611,0.011416428997389583,Locales
6.247891050839687,0.10431288881083066,0.4921875,0.0005798734208990756,4.2828820662103454e-06,0.047571169027804464,9.101070707076379e-09,8.317766166719341,3436.0,3436.0,-0.02784095254202792,-0.008724346156368456,0.0088054977457426,0.027588811276335227,-0.00020378251141508412,1.581651346466079e-06,0.039055908945795734,0.0015253640235822874,0.01757572726235544,Locales
1.1211720112814274,0.013802953826762191,0.171875,0.00047523116497552175,5.113392959648854e-07,0.00878369513268027,9.760460124592224e-10,8.317766166719341,1669.0,1671.0,-0.022175843684331436,-0.010593634703984507,0.010203084506599017,0.02495850368748433,-0.0010495996828746063,-7.101357224848642e-06,0.016544593834164692,0.0002737235851374803,0.01238221763984371,Locales
0.9652395656550974,0.012105933464949896,0.171875,0.00039797909458272736,4.763894081005819e-07,0.00835875675342666,1.0081171705567306e-09,8.317766166719341,1262.0,1262.0,-0.019894767971632442,-0.010088624797554136,0.009638153220046814,0.023107722277312066,-0.0004352287907369727,5.519705878468875e-06,0.01535103124765926,0.000235654160366611,0.011416428997389583,Locales
6.247891050839687,0.10431288881083066,0.4921875,0.0005798734208990756,4.2828820662103454e-06,0.047571169027804464,9.101070707076379e-09,8.317766166719341,3436.0,3436.0,-0.02784095254202792,-0.008724346156368456,0.0088054977457426,0.027588811276335227,-0.00020378251141508412,1.581651346466079e-06,0.039055908945795734,0.0015253640235822874,0.01757572726235544,Locales
1.1211720112814274,0.013802953826762191,0.171875,0.00047523116497552175,5.113392959648854e-07,0.00878369513268027,9.760460124592224e-10,8.317766166719341,1669.0,1671.0,-0.022175843684331436,-0.010593634703984507,0.010203084506599017,0.02495850368748433,-0.0010495996828746063,-7.101357224848642e-06,0.016544593834164692,0.0002737235851374803,0.01238221763984371,Locales
0.9652395656550974,0.012105933464949896,0.171875,0.00039797909458272736,4.763894081005819e-07,0.00835875675342666,1.0081171705567306e-09,8.317766166719341,1262.0,1262.0,-0.019894767971632442,-0.010088624797554136,0.009638153220046814,0.023107722277312066,-0.0004352287907369727,5.519705878468875e-06,0.01535103124765926,0.000235654160366611,0.011416428997389583,Locales
6.247891050839687,0.10431288881083066,0.4921875,0.0005798734208990756,4.2828820662103454e-06,0.047571169027804464,9.101070707076379e-09,8.317766166719341,3436.0,3436.0,-0.02784095254202792,-0.008724346156368456,0.0088054977457426,0.027588811276335227,-0.00020378251141508412,1.581651346466079e-06,0.039055908945795734,0.0015253640235822874,0.01757572726235544,Locales
1.1211720112814274,0.013802953826762191,0.171875,0.00047523116497552175,5.113392959648854e-07,0.00878369513268027,9.760460124592224e-10,8.317766166719341,1669.0,1671.0,-0.022175843684331436,-0.010593634703984507,0.010203084506599017,0.02495850368748433,-0.0010495996828746063,-7.101357224848642e-06,0.016544593834164692,0.0002737235851374803,0.01238221763984371,Locales
0.9652395656550974,0.012105933464949896,0.171875,0.00039797909458272736,4.763894081005819e-07,0.00835875675342666,1.0081171705567306e-09,8.317766166719341,1262.0,1262.0,-0.019894767971632442,-0.010088624797554136,0.009638153220046814,0.023107722277312066,-0.0004352287907369727,5.519705878468875e-06,0.01535103124765926,0.000235654160366611,0.011416428997389583,Locales
6.247891050839687,0.10431288881083066,0.4921875,0.0005798734208990756,4.2828820662103454e-06,0.047571169027804464,9.101070707076379e-09,8.317766166719341,3436.0,3436.0,-0.02784095254202792,-0.008724346156368456,0.0088054977457426,0.027588811276335227,-0.00020378251141508412,1.581651346466079e-06,0.039055908945795734,0.0015253640235822874,0.01757572726235544,Locales
1.1211720112814274,0.013802953826762191,0.171875,0.00047523116497552175,5.113392959648854e-07,0.00878369513268027,9.760460124592224e-10,8.317766166719341,1669.0,1671.0,-0.022175843684331436,-0.010593634703984507,0.010203084506599017,0.02495850368748433,-0.0010495996828746063,-7.101357224848642e-06,0.016544593834164692,0.0002737235851374803,0.01238221763984371,Locales
0.9652395656550974,0.012105933464949896,0.171875,0.00039797909458272736,4.763894081005819e-07,0.00835875675342666,1.0081171705567306e-09,8.317766166719341,1262.0,1262.0,-0.019894767971632442,-0.010088624797554136,0.009638153220046814,0.023107722277312066,-0.0004352287907369727,5.519705878468875e-06,0.01535103124765926,0.000235654160366611,0.011416428997389583,Locales
1.8164618258824676,0.017645384194370842,0.4921875,0.0006276146930913812,1.0216938716753339e-06,0.012874332454569567,1.0381533014255577e-09,8.1101268019411,2844.0,2844.0,-0.032238717033821467,-0.011535800575507803,0.011259903499921127,0.03241261431971743,-3.1017905450766235e-05,-9.941845061426574e-07,0.02336261641450051,0.0005458118457310887,0.015939737994112874,Locales
1.2503321249471395,0.01713145168430755,0.17578125,0.0006019861776160498,6.311899484064852e-07,0.009024810898196354,1.45410219043636e-09,8.1101268019411,1277.0,1277.0,-0.02397412127323712,-0.013051466222313433,0.012926923211427577,0.029147908664725587,-0.001271645342294173,2.7124675986509692e-06,0.019383001608125047,0.0003757007513405782,0.014749724835991325,Locales
1.1876405208239196,0.010454436271303541,0.17578125,0.00055963706809952,6.436652403981729e-07,0.007385260282728141,1.726370535747802e-08,8.1101268019411,964.0,964.0,-0.023083044599100468,-0.01099343685101181,0.011594942116229856,0.02831625797053711,-0.00022645364483987341,-1.7182830924668316e-06,0.018890821430374752,0.000356863134314306,0.013759081254154992,Locales
4.053145832706037,0.03889627712489691,0.17578125,0.000509688833995685,7.686271056983716e-07,0.011556108894652632,1.4982679885709553e-09,9.329367078397826,4285.0,4287.0,-0.02727144192635211,-0.015331354868449477,0.014766144025733237,0.03241839719867841,-0.0021901941298845323,4.969424445775556e-07,0.01896923400124892,0.0003598318385941381,0.015937721277455904,Regionales
3.3563440774588393,0.02960927895377713,0.17578125,0.00046563951164485274,6.351000294949097e-07,0.010036864072003585,9.793736444911152e-07,9.329367078397826,3723.0,3723.0,-0.02466209169377164,-0.014002814473024719,0.01283852556250576,0.02941413191625394,-0.001247205374681135,-9.740514145392032e-07,0.017261833234326954,0.0002979708866097145,0.014375696998355432,Regionales
3.068155945798517,0.007163339612164656,0.49609375,0.0005075294491621166,5.463940359029956e-07,0.00844053156079783,1.800106036572715e-08,9.329367078397826,9327.0,9327.0,-0.027072950807769558,-0.011214970646729288,0.011210876662058222,0.02699878866456296,-8.484978747651324e-05,4.77108970046991e-07,0.016504120803095598,0.0002723860034831729,0.013135560057147026,Regionales
270.3396511586751,0.174835469724282,0.015625,0.002825578361465188,3.0151397020084356e-05,0.09485514747892644,4.926803707872962e-09,9.964018052276156,1772.0,1772.0,-0.14274365142004086,-0.04320201550288437,0.025127427519403635,0.22864935426474764,-0.026249638517186348,-7.193674737727254e-07,0.11279655757669241,0.012723063401152087,0.07628791252321919,Regionales
75.41286702831485,0.024655135924992244,0.16015625,0.001980971124264881,6.279317629793828e-06,0.03248115426031274,6.706721450986178e-10,9.964018052276156,9119.0,9111.0,-0.10342093337023196,-0.015556562451404169,0.01801087448657835,0.09794592961175795,-0.0001132759415817077,2.5236567118915426e-07,0.05957495145825837,0.003549174841253841,0.036018244674565394,Regionales
70.95873705084124,0.030735192070939416,0.48046875,0.0017306655080594222,6.741678228984588e-06,0.027285773105494154,2.6125790325615696e-09,9.964018052276156,16662.0,16662.0,-0.09668379502508963,-0.011778645207979725,0.011561943068009072,0.09711676774983828,-8.255068568590123e-05,4.6700180260292346e-07,0.057788831057748936,0.0033395489950210477,0.0321327261757223,Regionales
13.407049174630975,0.010231014922217911,0.1640625,0.00047728145851094116,1.0032371470378287e-06,0.014927148850719978,2.0591371737385706e-09,10.04403836910657,8761.0,8761.0,-0.021061124818041645,-0.01056423873120251,0.00868592694348832,0.022577559045506682,-0.000931326769519653,-9.03258686579753e-07,0.020890844434124943,0.0004364273811708091,0.012118389667737777,Regionales
6.938765686089921,0.00939403873025561,0.1640625,0.00044509039960504755,4.421588816671561e-07,0.00683832834664426,1.4609375407559702e-09,10.04403836910657,11802.0,11788.0,-0.018058401559708254,-0.009135928882996877,0.008719689247084161,0.021815232082916622,-0.0012807377485993944,7.664561753184785e-07,0.015029014547089171,0.0002258712782566179,0.010612562235652026,Regionales
6.49486650352117,0.0031672421186461027,0.4921875,0.00042347594735808335,4.2681379304960065e-07,0.008868673651955065,3.529246620527819e-10,10.04403836910657,25273.0,25273.0,-0.01885553242789809,-0.0072798415411606116,0.007198797486855087,0.01872153631825998,9.85044698530504e-05,1.3680251118955275e-07,0.014540338223121958,0.00021142143564278142,0.009416762384955866,Regionales
5.735196020727093,0.03794507032939009,0.16015625,0.0004978540570131913,9.17148387148162e-07,0.011926420387869998,1.4449255781426468e-10,9.570529135214707,4375.0,4375.0,-0.027717123515054478,-0.015433177926141163,0.014432452721901806,0.03244775214513552,-0.0009503285843405597,2.142553454795657e-06,0.020001387987058382,0.00040005552140884337,0.016238749814153207,Regionales
4.887841643218667,0.03169194369532236,0.16015625,0.0005223279290538082,7.145116401512446e-07,0.010819451103087734,5.594609348816455e-10,9.570335734773703,5147.0,5149.0,-0.02514427224463105,-0.014152237916353885,0.013671330465213776,0.03084636652455208,-0.0022671209713659296,-2.163393892544828e-06,0.01846479814825633,0.0003409487706558504,0.015042328447368313,Regionales
4.151866946901661,0.007494760680374363,0.48828125,0.0005102428110971794,5.966095178443289e-07,0.008456932017722853,9.89098657038003e-09,9.570529135214707,12207.0,12207.0,-0.025937965688766974,-0.01079220149167677,0.010907305388838584,0.025876901398923506,4.928286693426948e-05,2.0840437755957093e-08,0.017017968582244334,0.0002896112546662552,0.012894602134648119,Regionales
5.367171158958138,0.0468367198953776,0.2421875,0.0005341085779124877,9.367377683010757e-07,0.013419267674576747,1.6057320028478855e-09,9.436997742590188,6109.0,6109.0,-0.03160418481615565,-0.016274338854499755,0.01598372565196929,0.03414705026771037,-0.0008718395890136299,-2.1437417254086037e-07,0.020684960689424284,0.00042786759872302793,0.01726801636958796,Regionales
2.4473015940290557,0.010322652122801548,0.2421875,0.0005104441732645848,2.967837573950225e-07,0.006298080549171475,1.1968164847960807e-07,9.436997742590188,7393.0,7391.0,-0.019884981847360546,-0.009763538047575834,0.009002516708929527,0.02524277325341106,-0.0017537569263459379,2.2325815082875635e-07,0.013967726539356268,0.0001950973846782374,0.011115520403220508,Regionales
1.865319113795618,0.0032810884176324782,0.0625,0.0004456703437330745,2.2733933068644016e-07,0.004358497399582116,1.0457259115745633e-08,9.436997742590188,5068.0,5068.0,-0.01837608140428068,-0.008145146201562344,0.007625842680398189,0.02121097973004287,-0.0006614251913962235,-8.883978220609878e-09,0.012194346957488016,0.00014870209771959724,0.00953563688444374,Regionales
1.339998704744005,0.0074638890800437915,0.4140625,0.00037061646631015714,7.799321729310817e-07,0.011154105255002,1.6394293357225574e-09,8.317766166719341,3387.0,3387.0,-0.02311083959152989,-0.010573855514273662,0.010723694488773312,0.023364152895357034,-0.00013708863592984155,-3.118526663208531e-06,0.018087236150119326,0.00032714811155018335,0.013060447869967495,Regionales
0.42226127678867564,0.0013129452096903146,0.17578125,0.00029038213300153405,1.978632207519153e-07,0.0032087288703089366,1.4092615004915755e-10,8.317766166719341,2084.0,2084.0,-0.011452941594798928,-0.0044086642498106675,0.004264901760053517,0.011884222831486983,-0.00019168165327377212,-7.3948876588696335e-06,0.010153377632301567,0.00010309107734412177,0.006035089112337322,Regionales
0.4375778777209799,0.0014013815776910317,0.02734375,0.00023190425028425042,2.457023433747194e-07,0.0059966703806859445,7.646985061855315e-10,8.317766166719341,1165.0,1165.0,-0.008632084745205689,-0.0034777643089865698,0.003488757020435677,0.009514042255682711,-6.0662570853984115e-05,1.0513414322100553e-05,0.010335880515035615,0.0001068304260210929,0.005117811514524183,Regionales
7.060182036113348,0.040846702732997335,0.19921875,0.0005898919437275114,1.425855930723889e-06,0.01972324698036135,5.1665742468792394e-09,9.328997859374091,4690.0,4692.0,-0.030229085233500968,-0.015927883604532,0.01614816145372837,0.03449911673412298,-0.0016944561210660298,-2.383264512400487e-06,0.02503580882213332,0.0006267917233784086,0.018206540301165152,Regionales
8.020360493061425,0.017279763921683292,0.19921875,0.0005482423489550296,2.051589534710263e-06,0.08006427441003891,3.149147399447716e-09,9.329367078397826,3776.0,3776.0,-0.02090772613265687,-0.009965564903762048,0.012746241542740821,0.02951639719251928,0.0007019179754172808,1.4085176148648868e-06,0.026683981017188024,0.0007120348429256508,0.014778370963670184,Regionales
6.350881308804021,0.008416390965802292,0.4609375,0.0005442377607223301,1.3186716706009495e-06,0.02356254394098855,2.43579650145096e-09,9.329244005389915,9351.0,9351.0,-0.023696029116640285,-0.009651939894384624,0.010210164182267214,0.023851574006148926,0.0003436186770375974,9.747468976119395e-07,0.023744918150431265,0.0005638211379706801,0.013276664605978972,Regionales
3.22508902755776,0.04919666292543133,0.1796875,0.0004968777086657077,9.412134154624898e-07,0.01292772565950577,1.0245741554433183e-10,8.946374826141716,2862.0,2862.0,-0.0290846877539692,-0.016680923860004717,0.01668092385642246,0.034502423712125814,-0.002922725976919822,5.429981834500208e-06,0.020492277512399983,0.00041993343764521406,0.017478983527851176,Regionales
2.3969417341976373,0.03394049794011888,0.1796875,0.0004396000739361098,6.897179847803027e-07,0.010763626744338523,4.30433816812196e-07,8.946374826141716,2648.0,2648.0,-0.025627666744997956,-0.014832223093720428,0.013720455945268696,0.029595601119690583,-0.0012604817580334712,-6.445081140571407e-06,0.017666401636097635,0.00031210174676791314,0.014943099057657092,Regionales
1.466112731942124,0.006656058469640514,0.484375,0.0004190399870945247,3.636019184435846e-07,0.006688637554975636,8.097217706678019e-09,8.946374826141716,6385.0,6385.0,-0.022829935325840888,-0.0095213968007687,0.00952157185318601,0.022312041100825457,0.00010208124911540158,1.0150993060562532e-06,0.01381666002601705,0.00019090009427453745,0.011147881938521821,Regionales
5.1848128156085815,0.038054605160690244,0.1796875,0.00047613240026860075,9.108732580428562e-07,0.012974203095967453,1.8441992922742841e-09,9.476790715935334,4803.0,4805.0,-0.02809303571427029,-0.01660361596059481,0.01667367097337604,0.033347344153835265,-0.0025921257289828873,1.8007491271255353e-06,0.019927896938317032,0.00039712107638418533,0.017009687005476035,Regionales
4.167413373152092,0.027527892161286656,0.1796875,0.0004359948230621068,7.257400731582653e-07,0.011101820225628072,2.500466541158186e-07,9.477003077203888,4442.0,4442.0,-0.0258948680328754,-0.014870196005651651,0.013809462000454471,0.029644598824129155,-0.0010862250810065332,-1.9939319010620838e-06,0.017866036508190273,0.0003191952605119877,0.01504542319890362,Regionales
2.742972604339135,0.007918903270026515,0.48828125,0.0004242978019954746,4.205953016515334e-07,0.009961809175811088,1.4195586050020087e-08,9.477003077203888,11006.0,11006.0,-0.02352922497776109,-0.009344700914357414,0.009481679103042973,0.023265293590518984,0.0001981129482699383,1.9318277403220522e-07,0.0144945809574911,0.00021009287713326364,0.01135951615267629,Regionales
7.2565120802062975,0.0348800189950339,0.2109375,0.0007401016417865758,1.0121953902933002e-06,0.012601787621694583,2.127665498755267e-09,9.496317024361991,5828.0,5830.0,-0.030929721786285513,-0.01567837968806397,0.01622742798853129,0.03495607613152172,-0.0009150805541943965,-2.4312180224267962e-06,0.02334760323967684,0.0005451105770373684,0.018054850967151093,Regionales
3.6705191895237994,0.010634029523722246,0.2109375,0.0007018209735075394,2.9898782336019557e-07,0.006983918681091868,1.5632096063686101e-06,9.49621288566299,5747.0,5747.0,-0.017790735521702752,-0.009127629901390568,0.010118886318472936,0.024404004715925284,-0.0011899049578084036,8.266026102752934e-07,0.016605122905381665,0.00027573010670283083,0.011652327584132214,Regionales
4.214702707839301,0.004314437410933593,0.48828125,0.000669843511718331,4.6578201303193714e-07,0.007938501851448185,1.426252165855224e-08,9.496317024361991,8486.0,8486.0,-0.02661854587536371,-0.007340064527021313,0.010281250806300487,0.022625808719319303,0.0017698181777963072,1.6046154121706446e-06,0.01779351779041596,0.00031660927535784924,0.012059619784843314,Regionales
4.164106716863117,0.0326694415759297,0.18359375,0.0006450520257103311,9.427577456644611e-07,0.01185803340670016,5.0720556960155705e-09,9.071378698144311,3489.0,3491.0,-0.03128034349988572,-0.016299069008186347,0.01588292589098699,0.03648217522080584,-0.0020113740697333404,-3.760697644986391e-08,0.02187265406761876,0.0004784129959617195,0.01786500754120651,Regionales
3.019774860479333,0.02069722023702192,0.18359375,0.0005872146739791011,6.393789555537847e-07,0.009462085727243974,1.8551258858017838e-06,9.071537969095726,2947.0,2947.0,-0.02469242610342659,-0.013818606224352284,0.012854333541779055,0.03095096961757123,-0.0012094888107024152,2.173804333444924e-06,0.018626353395819823,0.0003469410408259687,0.01494918572115154,Regionales
2.631735429381991,0.006749134515121444,0.4765625,0.0005697594810349744,5.372754086611179e-07,0.006675211266163615,1.831888105833697e-08,9.071537969095726,7010.0,7008.0,-0.027190538226082944,-0.010984334476326714,0.011265079503707025,0.027397769243352153,9.073410210758096e-05,-2.136197356969158e-06,0.017388481960151827,0.00030235930487852557,0.0134428142249552,Regionales
2.8313865507100213,0.03745216282749123,0.17578125,0.0005487283001987895,8.302590407648829e-07,0.011921110016002313,9.881819972761344e-10,8.877188554213761,2690.0,2692.0,-0.02755517995915139,-0.015534932933947351,0.015183465928351252,0.033108391684802466,-0.0020385216717155293,-7.558355549960321e-06,0.019874698662680882,0.0003950036469323693,0.016420341479796256,Regionales
2.7044967716071318,0.029600697244720805,0.17578125,0.0005340335841205954,7.983133744511277e-07,0.01061906699765198,4.629063441421706e-08,8.877381954654766,2303.0,2303.0,-0.02696182630739259,-0.014581850329920949,0.013325322811827318,0.03211174390596015,-0.0007143185690410287,6.140909615778261e-06,0.019424247970540008,0.00037730140922102764,0.015601499077100517,Regionales
1.9764310569651022,0.008878833068378878,0.48828125,0.0004980805846660595,5.524740484393151e-07,0.008359095719255277,4.1898002017150944e-08,8.877381954654766,6118.0,6116.0,-0.025340965851357946,-0.010782283092014368,0.010700512143975386,0.025717676201113326,7.795307943584567e-05,1.417445934170838e-06,0.016605112981950606,0.0002757297771433445,0.012873453159534335,Regionales
4.408133996565734,0.04033415087488604,0.234375,0.0004955914492822458,8.787703949191677e-07,0.012748361146122924,2.8188442201899835e-09,9.329367078397826,5310.0,5310.0,-0.029916378177269946,-0.016003460157268487,0.015805219096360953,0.032295270967116645,-0.0010092273206212168,-3.990547160646354e-06,0.01978249497283369,0.0003913471073501902,0.01672598507927188,Regionales
1.7044339150226737,0.010325668095254068,0.234375,0.00045362889495895425,2.2741911324234215e-07,0.0064430349647125705,3.7502129286577905e-06,9.329244005389915,5235.0,5235.0,-0.01604967352751453,-0.009580188717919415,0.008505890973973147,0.022708229102882477,-0.002399807057585428,8.103252864085743e-07,0.012301094695988469,0.00015131693071967564,0.010168978164415568,Regionales
1.400511306160443,0.001789664882127015,0.47265625,0.0004143254139788415,1.824037019328594e-07,0.0038672882678053018,2.1794564468443135e-08,9.329367078397826,6494.0,6494.0,-0.017639610788601212,-0.007556078996959832,0.007556949906269736,0.01843825500539784,-0.00023349026944240132,3.180221874269933e-06,0.011150567499501721,0.00012433515556094408,0.008864971334948573,Regionales
5.257520093399769,0.042953979694639245,0.23046875,0.0005019463046368906,8.577498515086401e-07,0.012492803873649658,7.828930980065263e-10,9.515469358031682,6319.0,6319.0,-0.029670641327742258,-0.015829074312580262,0.015190232846410332,0.032438954858584765,-0.0008517888629577849,1.0127639598396871e-06,0.019684870068957055,0.0003874941096317213,0.016509578256870487,Regionales
2.13168957487777,0.011182375140419643,0.23046875,0.0004703136794222367,2.2913198343494163e-07,0.006379352995364627,1.6413586236979475e-06,9.515367184213794,6244.0,6244.0,-0.01692091776687777,-0.009583892815227563,0.008627098979432521,0.022711755676972173,-0.0021286657819026625,3.8458741301932026e-07,0.012534414809008305,0.0001571115546042867,0.010273875884246449,Regionales
1.9626253650503793,0.0017599900491877126,0.4609375,0.00044217938325155295,2.2173993984863536e-07,0.0035755764872391098,1.3696196078254883e-08,9.515469358031682,7931.0,7931.0,-0.019722528832547166,-0.007856965015392492,0.00795346891144363,0.01943178144445785,0.00014155493831418607,-1.3973513728241795e-06,0.012027096160408458,0.00014465104205171187,0.0094816707200316,Regionales
3.6612680947133374,0.007097767792691586,0.40234375,0.00039574263342035976,6.359822175816618e-07,0.011117938363127897,9.345570218234786e-10,9.496317024361991,10641.0,10641.0,-0.025860684886833202,-0.013101852910536898,0.012783211963365062,0.026302325703761408,-4.176236048997014e-05,2.0008691296328323e-07,0.016584184132023175,0.00027503516332484933,0.013875092195121404,Regionales
1.8254403876410323,0.0034134701459909884,0.1875,0.0003702650330759189,2.533792545841349e-07,0.006632893926225188,2.410566147056535e-10,9.49621288566299,7020.0,7026.0,-0.01786645784441702,-0.0070422535644165994,0.0069118413283980155,0.018453312336762753,-0.00032603040359881853,5.708753257537855e-07,0.011710142298022006,0.0001371274326399241,0.008810896528686784,Regionales
2.047804979354361,0.0018920437536456025,0.1015625,0.0002972201602777062,3.421167655511314e-07,0.009550957165230257,4.975546099190824e-09,9.496317024361993,2869.0,2867.0,-0.01495254671487223,-0.006041557115093657,0.005226799436939034,0.018158322639408784,-0.000920250477009932,-7.709622386487842e-07,0.012402882860987065,0.0001538315032633667,0.008124056873797162,Regionales
3.6612680947133374,0.007097767792691586,0.40234375,0.00039574263342035976,6.359822175816618e-07,0.011117938363127897,9.345570218234786e-10,9.496317024361991,10641.0,10641.0,-0.025860684886833202,-0.013101852910536898,0.012783211963365062,0.026302325703761408,-4.176236048997014e-05,2.0008691296328323e-07,0.016584184132023175,0.00027503516332484933,0.013875092195121404,Regionales
1.8254403876410323,0.0034134701459909884,0.1875,0.0003702650330759189,2.533792545841349e-07,0.006632893926225188,2.410566147056535e-10,9.49621288566299,7020.0,7026.0,-0.01786645784441702,-0.0070422535644165994,0.0069118413283980155,0.018453312336762753,-0.00032603040359881853,5.708753257537855e-07,0.011710142298022006,0.0001371274326399241,0.008810896528686784,Regionales
2.047804979354361,0.0018920437536456025,0.1015625,0.0002972201602777062,3.421167655511314e-07,0.009550957165230257,4.975546099190824e-09,9.496317024361993,2869.0,2867.0,-0.01495254671487223,-0.006041557115093657,0.005226799436939034,0.018158322639408784,-0.000920250477009932,-7.709622386487842e-07,0.012402882860987065,0.0001538315032633667,0.008124056873797162,Regionales
0.8409080589581291,0.0034739114168087382,0.19921875,0.0003362917003316791,2.1091795464288578e-07,0.004733769165117692,5.5794866149407474e-09,8.912473274466032,3841.0,3841.0,-0.017255618417825525,-0.007040478903878613,0.006901262791148727,0.017351752910895118,-7.696247261328019e-06,-1.5763963969967146e-06,0.010642784561154727,0.00011326886321515342,0.008359125572294608,Regionales
0.9531748775427034,0.0024792255088640454,0.39453125,0.0003503797967421103,2.508892741417003e-07,0.005932400816317549,1.9455518083079729e-10,8.912473274466032,5619.0,5619.0,-0.01889369014337034,-0.0071167228553322085,0.007240146597818404,0.018064073342704382,0.00012160402606901672,2.4158423143740184e-08,0.011330975800850395,0.00012839101259945723,0.008823180891045869,Regionales
0.29534506213477174,0.001364685865268409,0.0078125,0.00018391188443118674,8.2823887471124e-08,0.00420737236817304,8.784936464737785e-09,8.912473274466032,1698.0,1696.0,-0.00937271182923239,-0.0046165306674575204,0.004129068226673241,0.011406507321403683,-0.0005460270523080841,1.552237973887723e-06,0.006307334480149809,3.978246824448666e-05,0.00508065952032514,Regionales
1.2532202020381238,0.005532875390603078,0.39453125,0.0003982200809528176,5.090942920914726e-07,0.007045452200935291,5.719723181229294e-10,8.589699882202984,4288.0,4288.0,-0.024736196955138595,-0.00993239979501617,0.010234857793465637,0.02486627763846719,8.056257233918865e-05,1.3516954891775766e-06,0.015268067167789442,0.0002331138750401299,0.012047122081998592,Regionales
0.518332155427188,0.0025243536985507025,0.16796875,0.00031590821561617563,1.7113037361500757e-07,0.0038710710421794,7.344591380740876e-09,8.589442014948311,2952.0,2952.0,-0.015392325287046467,-0.006443298982649336,0.006371706738423966,0.01603665521953789,-0.00021477664615581675,-4.5477719123611e-06,0.009819161412672956,9.641593084812555e-05,0.007702055480904556,Regionales
0.2436673073816344,0.0021615614215783827,0.16796875,0.0001805067761031707,9.77281722862672e-08,0.003564757212275173,1.7773938126495255e-09,8.589442014948311,1502.0,1504.0,-0.010033053824507955,-0.004710954006973292,0.004235370468773193,0.01181883748021746,-0.0004987980685398467,3.196076423344499e-06,0.006732385146391868,4.532500975935785e-05,0.005336765960348576,Regionales
2.086898237704978,0.01390608115456316,0.4921875,0.00042475048237960484,7.562947304250733e-07,0.013313992364339392,1.560931480563943e-09,8.763836660853837,5384.0,5384.0,-0.026586114193993114,-0.010228718017098626,0.010236936194078103,0.02716254416078875,-8.595096261661866e-05,-6.150978460178053e-07,0.01805762579253035,0.0003260778492630574,0.013198624224611377,Regionales
0.5338568774149077,0.0023585607102276614,0.1640625,0.00029879157391379184,1.3723826539934497e-07,0.0037229574860766237,2.9369000385120764e-09,8.763836660853837,3275.0,3273.0,-0.014320290387550876,-0.005849132700935381,0.005916364132397125,0.01479091025249018,-0.00026892565051390223,-3.1990582284260005e-07,0.009133188763719909,8.34151369937396e-05,0.007076688990046816,Regionales
0.31954936392781463,0.0024239110560564385,0.1640625,0.00019356537036684552,1.0195808501142771e-07,0.0037307352380820196,2.4200598568407435e-09,8.764053269347762,1749.0,1749.0,-0.010538297205177351,-0.005133784715085493,0.004579638087251903,0.01244972817528337,-0.0005427183063232531,9.350036688333257e-07,0.0070660871236837425,4.992958723948919e-05,0.005662662274631314,Regionales
2.086898237704978,0.01390608115456316,0.4921875,0.00042475048237960484,7.562947304250733e-07,0.013313992364339392,1.560931480563943e-09,8.763836660853837,5384.0,5384.0,-0.026586114193993114,-0.010228718017098626,0.010236936194078103,0.02716254416078875,-8.595096261661866e-05,-6.150978460178053e-07,0.01805762579253035,0.0003260778492630574,0.013198624224611377,Regionales
0.5338568774149077,0.0023585607102276614,0.1640625,0.00029879157391379184,1.3723826539934497e-07,0.0037229574860766237,2.9369000385120764e-09,8.763836660853837,3275.0,3273.0,-0.014320290387550876,-0.005849132700935381,0.005916364132397125,0.01479091025249018,-0.00026892565051390223,-3.1990582284260005e-07,0.009133188763719909,8.34151369937396e-05,0.007076688990046816,Regionales
0.31954936392781463,0.0024239110560564385,0.1640625,0.00019356537036684552,1.0195808501142771e-07,0.0037307352380820196,2.4200598568407435e-09,8.764053269347762,1749.0,1749.0,-0.010538297205177351,-0.005133784715085493,0.004579638087251903,0.01244972817528337,-0.0005427183063232531,9.350036688333257e-07,0.0070660871236837425,4.992958723948919e-05,0.005662662274631314,Regionales
2.086898237704978,0.01390608115456316,0.4921875,0.00042475048237960484,7.562947304250733e-07,0.013313992364339392,1.560931480563943e-09,8.763836660853837,5384.0,5384.0,-0.026586114193993114,-0.010228718017098626,0.010236936194078103,0.02716254416078875,-8.595096261661866e-05,-6.150978460178053e-07,0.01805762579253035,0.0003260778492630574,0.013198624224611377,Regionales
0.5338568774149077,0.0023585607102276614,0.1640625,0.00029879157391379184,1.3723826539934497e-07,0.0037229574860766237,2.9369000385120764e-09,8.763836660853837,3275.0,3273.0,-0.014320290387550876,-0.005849132700935381,0.005916364132397125,0.01479091025249018,-0.00026892565051390223,-3.1990582284260005e-07,0.009133188763719909,8.34151369937396e-05,0.007076688990046816,Regionales
0.31954936392781463,0.0024239110560564385,0.1640625,0.00019356537036684552,1.0195808501142771e-07,0.0037307352380820196,2.4200598568407435e-09,8.764053269347762,1749.0,1749.0,-0.010538297205177351,-0.005133784715085493,0.004579638087251903,0.01244972817528337,-0.0005427183063232531,9.350036688333257e-07,0.0070660871236837425,4.992958723948919e-05,0.005662662274631314,Regionales
13.671574636510579,0.029245759662941094,0.2265625,0.0008528471796432356,1.2267792171387827e-06,0.013399315486553383,5.121329945545353e-10,9.914556749954835,9586.0,9588.0,-0.03304931395824479,-0.015879163183543623,0.01587916144082571,0.0364058844002554,-0.0007745941294382147,2.7323220394511946e-06,0.026000143094564443,0.000676007440937827,0.018689259397746915,Telesismo
9.623676803415798,0.004539515228997305,0.2265625,0.0008290653477974471,6.989887115535781e-07,0.008935226681040442,8.685563411578945e-07,9.914488202963085,13852.0,13852.0,-0.025525225622791185,-0.010392916757711274,0.010288589395107416,0.029397404633185072,-0.000556277367383895,-6.943130808961871e-08,0.02181408426489584,0.0004758542723159762,0.01386463308984099,Telesismo
8.997024365323561,0.004175133811268724,0.02734375,0.0007415617784302025,7.578310756791765e-07,0.014532921988812748,7.283212163522702e-09,9.914625296946584,6807.0,6807.0,-0.02070854603006395,-0.006409567491288744,0.009679457320260817,0.023713138736384178,0.0011461556194860912,-2.6628907313231463e-06,0.021091910341620355,0.0004448686818589517,0.011777391209522953,Telesismo
13.671574636510579,0.029245759662941094,0.2265625,0.0008528471796432356,1.2267792171387827e-06,0.013399315486553383,5.121329945545353e-10,9.914556749954835,9586.0,9588.0,-0.03304931395824479,-0.015879163183543623,0.01587916144082571,0.0364058844002554,-0.0007745941294382147,2.7323220394511946e-06,0.026000143094564443,0.000676007440937827,0.018689259397746915,Telesismo
9.623676803415798,0.004539515228997305,0.2265625,0.0008290653477974471,6.989887115535781e-07,0.008935226681040442,8.685563411578945e-07,9.914488202963085,13852.0,13852.0,-0.025525225622791185,-0.010392916757711274,0.010288589395107416,0.029397404633185072,-0.000556277367383895,-6.943130808961871e-08,0.02181408426489584,0.0004758542723159762,0.01386463308984099,Telesismo
8.997024365323561,0.004175133811268724,0.02734375,0.0007415617784302025,7.578310756791765e-07,0.014532921988812748,7.283212163522702e-09,9.914625296946584,6807.0,6807.0,-0.02070854603006395,-0.006409567491288744,0.009679457320260817,0.023713138736384178,0.0011461556194860912,-2.6628907313231463e-06,0.021091910341620355,0.0004448686818589517,0.011777391209522953,Telesismo
13.671574636510579,0.029245759662941094,0.2265625,0.0008528471796432356,1.2267792171387827e-06,0.013399315486553383,5.121329945545353e-10,9.914556749954835,9586.0,9588.0,-0.03304931395824479,-0.015879163183543623,0.01587916144082571,0.0364058844002554,-0.0007745941294382147,2.7323220394511946e-06,0.026000143094564443,0.000676007440937827,0.018689259397746915,Telesismo
9.623676803415798,0.004539515228997305,0.2265625,0.0008290653477974471,6.989887115535781e-07,0.008935226681040442,8.685563411578945e-07,9.914488202963085,13852.0,13852.0,-0.025525225622791185,-0.010392916757711274,0.010288589395107416,0.029397404633185072,-0.000556277367383895,-6.943130808961871e-08,0.02181408426489584,0.0004758542723159762,0.01386463308984099,Telesismo
8.997024365323561,0.004175133811268724,0.02734375,0.0007415617784302025,7.578310756791765e-07,0.014532921988812748,7.283212163522702e-09,9.914625296946584,6807.0,6807.0,-0.02070854603006395,-0.006409567491288744,0.009679457320260817,0.023713138736384178,0.0011461556194860912,-2.6628907313231463e-06,0.021091910341620355,0.0004448686818589517,0.011777391209522953,Telesismo
13.671574636510579,0.029245759662941094,0.2265625,0.0008528471796432356,1.2267792171387827e-06,0.013399315486553383,5.121329945545353e-10,9.914556749954835,9586.0,9588.0,-0.03304931395824479,-0.015879163183543623,0.01587916144082571,0.0364058844002554,-0.0007745941294382147,2.7323220394511946e-06,0.026000143094564443,0.000676007440937827,0.018689259397746915,Telesismo
9.623676803415798,0.004539515228997305,0.2265625,0.0008290653477974471,6.989887115535781e-07,0.008935226681040442,8.685563411578945e-07,9.914488202963085,13852.0,13852.0,-0.025525225622791185,-0.010392916757711274,0.010288589395107416,0.029397404633185072,-0.000556277367383895,-6.943130808961871e-08,0.02181408426489584,0.0004758542723159762,0.01386463308984099,Telesismo
8.997024365323561,0.004175133811268724,0.02734375,0.0007415617784302025,7.578310756791765e-07,0.014532921988812748,7.283212163522702e-09,9.914625296946584,6807.0,6807.0,-0.02070854603006395,-0.006409567491288744,0.009679457320260817,0.023713138736384178,0.0011461556194860912,-2.6628907313231463e-06,0.021091910341620355,0.0004448686818589517,0.011777391209522953,Telesismo
13.671574636510579,0.029245759662941094,0.2265625,0.0008528471796432356,1.2267792171387827e-06,0.013399315486553383,5.121329945545353e-10,9.914556749954835,9586.0,9588.0,-0.03304931395824479,-0.015879163183543623,0.01587916144082571,0.0364058844002554,-0.0007745941294382147,2.7323220394511946e-06,0.026000143094564443,0.000676007440937827,0.018689259397746915,Telesismo
9.623676803415798,0.004539515228997305,0.2265625,0.0008290653477974471,6.989887115535781e-07,0.008935226681040442,8.685563411578945e-07,9.914488202963085,13852.0,13852.0,-0.025525225622791185,-0.010392916757711274,0.010288589395107416,0.029397404633185072,-0.000556277367383895,-6.943130808961871e-08,0.02181408426489584,0.0004758542723159762,0.01386463308984099,Telesismo
8.997024365323561,0.004175133811268724,0.02734375,0.0007415617784302025,7.578310756791765e-07,0.014532921988812748,7.283212163522702e-09,9.914625296946584,6807.0,6807.0,-0.02070854603006395,-0.006409567491288744,0.009679457320260817,0.023713138736384178,0.0011461556194860912,-2.6628907313231463e-06,0.021091910341620355,0.0004448686818589517,0.011777391209522953,Telesismo
13.671574636510579,0.029245759662941094,0.2265625,0.0008528471796432356,1.2267792171387827e-06,0.013399315486553383,5.121329945545353e-10,9.914556749954835,9586.0,9588.0,-0.03304931395824479,-0.015879163183543623,0.01587916144082571,0.0364058844002554,-0.0007745941294382147,2.7323220394511946e-06,0.026000143094564443,0.000676007440937827,0.018689259397746915,Telesismo
9.623676803415798,0.004539515228997305,0.2265625,0.0008290653477974471,6.989887115535781e-07,0.008935226681040442,8.685563411578945e-07,9.914488202963085,13852.0,13852.0,-0.025525225622791185,-0.010392916757711274,0.010288589395107416,0.029397404633185072,-0.000556277367383895,-6.943130808961871e-08,0.02181408426489584,0.0004758542723159762,0.01386463308984099,Telesismo
8.997024365323561,0.004175133811268724,0.02734375,0.0007415617784302025,7.578310756791765e-07,0.014532921988812748,7.283212163522702e-09,9.914625296946584,6807.0,6807.0,-0.02070854603006395,-0.006409567491288744,0.009679457320260817,0.023713138736384178,0.0011461556194860912,-2.6628907313231463e-06,0.021091910341620355,0.0004448686818589517,0.011777391209522953,Telesismo
13.671574636510579,0.029245759662941094,0.2265625,0.0008528471796432356,1.2267792171387827e-06,0.013399315486553383,5.121329945545353e-10,9.914556749954835,9586.0,9588.0,-0.03304931395824479,-0.015879163183543623,0.01587916144082571,0.0364058844002554,-0.0007745941294382147,2.7323220394511946e-06,0.026000143094564443,0.000676007440937827,0.018689259397746915,Telesismo
9.623676803415798,0.004539515228997305,0.2265625,0.0008290653477974471,6.989887115535781e-07,0.008935226681040442,8.685563411578945e-07,9.914488202963085,13852.0,13852.0,-0.025525225622791185,-0.010392916757711274,0.010288589395107416,0.029397404633185072,-0.000556277367383895,-6.943130808961871e-08,0.02181408426489584,0.0004758542723159762,0.01386463308984099,Telesismo
8.997024365323561,0.004175133811268724,0.02734375,0.0007415617784302025,7.578310756791765e-07,0.014532921988812748,7.283212163522702e-09,9.914625296946584,6807.0,6807.0,-0.02070854603006395,-0.006409567491288744,0.009679457320260817,0.023713138736384178,0.0011461556194860912,-2.6628907313231463e-06,0.021091910341620355,0.0004448686818589517,0.011777391209522953,Telesismo
13.671574636510579,0.029245759662941094,0.2265625,0.0008528471796432356,1.2267792171387827e-06,0.013399315486553383,5.121329945545353e-10,9.914556749954835,9586.0,9588.0,-0.03304931395824479,-0.015879163183543623,0.01587916144082571,0.0364058844002554,-0.0007745941294382147,2.7323220394511946e-06,0.026000143094564443,0.000676007440937827,0.018689259397746915,Telesismo
9.623676803415798,0.004539515228997305,0.2265625,0.0008290653477974471,6.989887115535781e-07,0.008935226681040442,8.685563411578945e-07,9.914488202963085,13852.0,13852.0,-0.025525225622791185,-0.010392916757711274,0.010288589395107416,0.029397404633185072,-0.000556277367383895,-6.943130808961871e-08,0.02181408426489584,0.0004758542723159762,0.01386463308984099,Telesismo
8.997024365323561,0.004175133811268724,0.02734375,0.0007415617784302025,7.578310756791765e-07,0.014532921988812748,7.283212163522702e-09,9.914625296946584,6807.0,6807.0,-0.02070854603006395,-0.006409567491288744,0.009679457320260817,0.023713138736384178,0.0011461556194860912,-2.6628907313231463e-06,0.021091910341620355,0.0004448686818589517,0.011777391209522953,Telesismo
12.538784081631075,0.057777208327365145,0.0078125,0.0002702903961267949,2.045746249792168e-06,0.04214576418444484,6.81385802112193e-10,9.715950897928572,1282.0,1282.0,-0.038018506126268975,-0.007524596048576661,0.007953086450783827,0.038799851973277975,0.0001885913885394777,6.656782022088028e-07,0.027450550026734955,0.0007535326967702784,0.01548013729712433,Telesismo
0.08954523507208519,6.648220117523475e-05,0.13671875,8.721593517659206e-05,7.820134435174117e-09,0.0008588045282661975,1.9091077793609822e-10,9.714899300659894,7078.0,7050.0,-0.0038523925183696598,-0.00155447418347275,0.0015544741834729256,0.0037848066961056847,2.8051333319257615e-13,-6.417538209052041e-07,0.002319768051171081,5.3813238112340756e-06,0.0018522417760493464,Telesismo
0.058661921199900297,2.7025993369607505e-05,0.47265625,6.615073334872233e-05,5.8327112638359455e-09,0.0005316580873424418,5.023993140649507e-11,9.717481940395153,13053.0,13053.0,-0.00307293474075762,-0.0012597536271412321,0.0012742847223131029,0.003051691150522677,-2.3094319860006082e-06,-2.3924381371133913e-08,0.0018775930977631406,3.5253558407677863e-06,0.0014985591335655408,Telesismo
12.83381512312221,0.09951205595540716,0.01171875,0.00033945948374103363,3.438461168816191e-06,0.04066690191155647,4.5144023942059765e-10,9.23216157427166,519.0,519.0,-0.054140158808251876,-0.012545944576274459,0.01240560343428742,0.05554843854490226,5.596608508831695e-05,-8.175259613367284e-08,0.03540200923832883,0.0012533022581107198,0.02221694744304422,Telesismo
0.02681029162113721,2.581483505119281e-05,0.13671875,6.201656525938525e-05,3.5846883821152205e-09,0.00046359805959443455,6.662422899275113e-10,9.232432334889067,4321.0,4285.0,-0.002672010687756377,-0.0010688042753681341,0.0010688042752625142,0.002672010687610812,-4.072876476184095e-13,1.500372148882193e-07,0.0016180829764309106,2.618192518615515e-06,0.0012893234347161997,Telesismo
0.018784726306424,1.6093701454722998e-05,0.4921875,4.7152237533690286e-05,3.0129260421123095e-09,0.0003675927346228399,4.133259849019386e-11,9.232161574271661,8050.0,8050.0,-0.0022273376678957723,-0.000914634274336384,0.0009158390674279104,0.0022298004934401274,-2.8111375635278134e-06,-6.828461871181137e-08,0.0013544171896793578,1.8344459236989297e-06,0.0010810008685883273,Telesismo
9.980532281000311,0.037755765499694616,0.0078125,0.0003088390312418826,1.8182489038661112e-06,0.027546306353276914,2.4874597975838796e-10,9.618401075158808,778.0,778.0,-0.040872533647980165,-0.010695113721892736,0.010619836832103827,0.040090019132790845,-0.00014081711399369312,-1.2892288043187219e-08,0.025705784557291625,0.0006607873597058926,0.016989577845007417,Telesismo
0.04693630858431179,2.906985581228794e-05,0.13671875,6.926450637543477e-05,4.197269573610899e-09,0.0005953197958254229,8.736109313847761e-11,9.617299676037154,6485.0,6463.0,-0.002900396151144712,-0.0012026032814565315,0.0012026032813263255,0.002900396150682691,8.037845562747226e-13,4.683362858442431e-08,0.0017628220599034772,3.107541614882339e-06,0.0014034274700813725,Telesismo
0.037530606575168546,2.071930701234503e-05,0.4765625,5.44559889157466e-05,4.220533511755892e-09,0.0004238734346529926,9.74345497811507e-12,9.619961390581148,12018.0,12018.0,-0.0025530906147718394,-0.0010577154260687555,0.0010675519995814813,0.0025719914858297875,5.553240343655777e-06,-3.394134056922466e-08,0.0015763287742451685,2.4848124045132753e-06,0.0012540887711986917,Telesismo
3.79669192055736,0.01296914668946578,0.0078125,0.00021541328869130084,5.028173756573434e-07,0.02251765275542752,9.718091686265094e-10,9.89255700972415,1512.0,1512.0,-0.021874365008512822,-0.006311491678398694,0.006227846330700636,0.02138380758898233,8.899325284529938e-05,-6.97288224867697e-08,0.013789083295564825,0.0001901388181320249,0.009405020265520312,Telesismo
0.08212482785263149,2.7129633590240597e-05,0.1484375,7.861227868266383e-05,5.667786598858942e-09,0.0006074766437811142,4.4248035994238176e-11,9.893242080514465,8675.0,8637.0,-0.003337783704171694,-0.001335113475308138,0.0013351134742206911,0.0033377836948807163,5.320776348429004e-12,5.944071630231316e-08,0.002028009345183269,4.112821904150671e-06,0.0015984705882540668,Telesismo
0.06244945311401663,2.4511947454127502e-05,0.484375,6.189812754881154e-05,5.263024264458598e-09,0.0005286111824626465,1.191077001055573e-10,9.894309671838611,15779.0,15779.0,-0.0029015638134188716,-0.0011739728132845915,0.0011818564205873215,0.002919529186002113,-1.3614508316048432e-05,1.028810615935673e-08,0.0017684673076379586,3.1274766181842502e-06,0.0014050203560832786,Telesismo
19.69739429369683,0.23861303664181668,0.01171875,0.0007386207830689995,1.200452624463079e-05,0.05615132738394996,4.98994274478762e-10,8.377116620924454,378.0,378.0,-0.10705281801679703,-0.009660058951456696,0.007092554953449745,0.09885899971334182,-0.000271135157248936,2.1164206981630145e-06,0.06727596650828507,0.004526055669623895,0.037164399701392514,Telesismo
0.020167600311946088,9.810664356694346e-05,0.03515625,6.855084862177448e-05,8.228865330876183e-09,0.0011108046597363536,1.1754551897604653e-10,8.377116620924454,1470.0,1470.0,-0.003431890166043267,-0.0011439633987272739,0.0011439634147391979,0.0034076910062293027,2.199928562742389e-05,-2.0172151769563624e-06,0.0021526948848426242,4.6340952672275996e-06,0.0015639268112092135,Telesismo
0.0051516882477557705,9.581717676597136e-06,0.4921875,3.7506256062717745e-05,1.8700067818659387e-09,0.0003692157639195595,2.5881603130252725e-11,8.378390788535778,3403.0,3403.0,-0.0017803160344080043,-0.0007078359068589705,0.0007081270185980965,0.0017948276108587552,1.0196971053317793e-05,-9.920552111733125e-08,0.001088003623763604,1.183751885322734e-06,0.0008570250391233776,Telesismo
11.345177875260998,0.06305030952487149,0.01171875,0.00044788361427574165,3.1507815103153e-06,0.03193252100187214,3.976151828105566e-10,9.180768525972425,402.0,402.0,-0.05526514583897656,-0.015585289672971988,0.016098448494609688,0.05170568986476467,0.0006610264050256621,-2.3244555136264785e-06,0.034150248850877515,0.0011662394965768611,0.023560206553848478,Telesismo
0.032046753901529154,2.3126922354058306e-05,0.13671875,7.313592085122563e-05,4.098415566885849e-09,0.0003947994430309607,6.770996585544467e-10,9.181766065089185,4121.0,4093.0,-0.002927559967151,-0.0011574075726593523,0.0011574074369164005,0.002927559621304443,4.721414781129936e-11,2.3169889052955466e-06,0.0018150136176611075,3.294274432295261e-06,0.0014118011954087472,Telesismo
0.02425985172747472,1.9911495412281968e-05,0.48828125,5.4196305813118367e-05,4.177261549741124e-09,0.00046628228907923206,1.5421312138089324e-10,9.180768525972425,7750.0,7750.0,-0.0025990693881493424,-0.0010670984636442673,0.0010499682956108232,0.00260201232502256,1.7469489667973397e-05,7.4666082351963e-09,0.0015791823817900333,2.4938169949560425e-06,0.0012598677932250028,Telesismo
2.269255206058447,0.016854308366083943,0.01171875,0.0002605978255418751,5.820176884441267e-07,0.013688137961337677,1.0057630249938712e-09,9.180483514796208,678.0,678.0,-0.024324881962777694,-0.009035385113133962,0.00943549624380478,0.024617503600760954,-0.00010952997641605141,3.3828401321710787e-07,0.01527319473725234,0.00023327047748203256,0.011639915339562783,Telesismo
0.06577022570018613,6.808768953422826e-05,0.13671875,9.721097167842987e-05,9.709322944755396e-09,0.0008938021067557688,1.2836951327496824e-10,9.1803410092081,4014.0,3998.0,-0.004238571005025094,-0.0018165304109641319,0.0017408416624739014,0.00423857099503049,-1.0523866175206342e-11,-2.2176373536661602e-07,0.0026001768273500184,6.7609195334880066e-06,0.0020732677133822167,Telesismo
0.03687345081224598,3.248125389561371e-05,0.4453125,6.844840543826493e-05,6.213576966452837e-09,0.0006377866938428818,3.7221121973799064e-11,9.181481053912968,7611.0,7611.0,-0.0031831264802680654,-0.0013142908535134451,0.0012888624271592897,0.0032247809705291722,-1.288819859586661e-06,-1.1652027788344249e-07,0.0019469065660238035,3.7904451768265993e-06,0.0015511308611151993,Telesismo
4.147583367845808,0.011417234489751677,0.01171875,0.00024870696444677886,5.192820543249982e-07,0.014132376526307508,2.659696924796635e-10,9.906373785303083,1460.0,1460.0,-0.02329664569561392,-0.008195978888892796,0.008123769141008557,0.022798110760226486,1.653054967331799e-05,1.9332983812148522e-07,0.014320692971571316,0.00020508224718601207,0.010685856652133141,Telesismo
0.0898252317828592,4.543530591892568e-05,0.13671875,8.107307510355355e-05,6.2286023730217315e-09,0.0006454665028912618,4.500072282718386e-11,9.906194016961528,8136.0,8144.0,-0.003421091774510471,-0.0014130596460367622,0.0014130596461398933,0.0034210917747045148,-6.840448346645545e-14,-1.8938520206706798e-07,0.0021074905853456396,4.441516567320507e-06,0.0016832063216782578,Telesismo
0.05091330391530004,1.86996102960344e-05,0.49609375,5.632811940034503e-05,4.1740286210164325e-09,0.0005041641758634773,7.750801903661472e-11,9.90914153760671,15826.0,15826.0,-0.0025900749969937145,-0.0010738631545632283,0.001066683433658652,0.002597033160081052,7.489725612749325e-06,-3.944636163310649e-09,0.0015866535655068466,2.517469536935589e-06,0.0012645833763175404,Telesismo
4.147583367845808,0.011417234489751677,0.01171875,0.00024870696444677886,5.192820543249982e-07,0.014132376526307508,2.659696924796635e-10,9.906373785303083,1460.0,1460.0,-0.02329664569561392,-0.008195978888892796,0.008123769141008557,0.022798110760226486,1.653054967331799e-05,1.9332983812148522e-07,0.014320692971571316,0.00020508224718601207,0.010685856652133141,Telesismo
0.0898252317828592,4.543530591892568e-05,0.13671875,8.107307510355355e-05,6.2286023730217315e-09,0.0006454665028912618,4.500072282718386e-11,9.906194016961528,8136.0,8144.0,-0.003421091774510471,-0.0014130596460367622,0.0014130596461398933,0.0034210917747045148,-6.840448346645545e-14,-1.8938520206706798e-07,0.0021074905853456396,4.441516567320507e-06,0.0016832063216782578,Telesismo
0.05091330391530004,1.86996102960344e-05,0.49609375,5.632811940034503e-05,4.1740286210164325e-09,0.0005041641758634773,7.750801903661472e-11,9.90914153760671,15826.0,15826.0,-0.0025900749969937145,-0.0010738631545632283,0.001066683433658652,0.002597033160081052,7.489725612749325e-06,-3.944636163310649e-09,0.0015866535655068466,2.517469536935589e-06,0.0012645833763175404,Telesismo
2.63613552146111,0.006212270157146495,0.0234375,0.0002262088070606386,3.183388800033846e-07,0.010799696609850135,8.203087974060914e-11,9.932782209058537,2196.0,2196.0,-0.017905281507519723,-0.00553547188633979,0.005690261682987478,0.01807461834960645,-1.9578553524347547e-05,-4.963619710639368e-07,0.011275125227604408,0.00012712844889816135,0.00800280958148822,Telesismo
0.15197445131635762,5.346053046097925e-05,0.16796875,0.00010346080865693413,1.0266647988419419e-08,0.0009096999986348461,2.6739519534127107e-11,9.931419885786635,8678.0,8654.0,-0.004535670355688733,-0.0017681426807216586,0.0017681426822207754,0.004305043049391909,7.687576843572767e-05,5.042020561724683e-07,0.002707215278880954,7.329014566206483e-06,0.002133072727872277,Telesismo
0.12592969151523972,4.876998483292158e-05,0.44921875,8.308158994787812e-05,1.0604638149698884e-08,0.0011631468346657414,2.0261262751748916e-10,9.934027210250548,16538.0,16538.0,-0.003965036179128347,-0.0015852745569535612,0.001595321136483092,0.003930152815981747,5.956763137425399e-06,-7.84008522020088e-09,0.0024643453979606243,6.072998240449707e-06,0.0019200510170868162,Telesismo
148.3197209501749,0.2829350957039324,0.0234375,0.0006940554813474794,1.6199753785178985e-05,0.15547700511075246,2.2254417057645137e-10,10.166679348541386,2205.0,2205.0,-0.08627409993916155,-0.00560182039715581,0.005648877268278313,0.0898081521439846,9.93262323127101e-06,1.6424963995429048e-08,0.07536667945566185,0.005680136372172483,0.031816393696335696,Telesismo
0.7746311351162921,0.0007854878402663376,0.1328125,0.00011169945701792222,7.389779786754301e-08,0.00655383360763898,6.637080803299691e-11,10.16010916231646,10148.0,10097.0,-0.005518763796904785,-0.0012263919548687295,0.0012263919548666231,0.005682282724213331,1.1828419826364254e-15,-5.7142589864286025e-08,0.005446624130934322,2.9665714423676063e-05,0.0026257439070511276,Telesismo
0.09098237281253413,2.8964500750581787e-05,0.4609375,6.111733022579828e-05,6.404064607986167e-09,0.0007212591528156633,6.227019878607928e-11,10.167316432347045,20706.0,20704.0,-0.002933514238411014,-0.0010218275799667078,0.0010253068428880212,0.002929601506246292,3.801825646359694e-06,4.071762585279767e-08,0.0018666313729940411,3.4843126826456194e-06,0.0013658995769926024,Telesismo
4.501581653354917,0.015635119166438716,0.0234375,0.00024260584078182102,7.4037293247128e-07,0.028657505956993998,7.07513515572478e-10,9.683756516038544,1714.0,1714.0,-0.022052816177441283,-0.00503836428516875,0.005164499669648666,0.021659777934542195,0.00011984181892765253,-2.4270060894975814e-07,0.016706762878198774,0.00027911592586836063,0.00952299775225777,Telesismo
0.11246002805328773,0.00010257168246655924,0.1328125,9.719656188118039e-05,1.0472490178798355e-08,0.001981304839500233,8.518426419364881e-11,9.681435710746491,6877.0,6865.0,-0.004295169694394983,-0.0016194902126403024,0.0016194902126480729,0.004083931840584793,7.041261793117258e-05,2.423053466618407e-07,0.002640637792379816,6.97296795054455e-06,0.0020140746120854364,Telesismo
0.08921335844000489,4.396471556648632e-05,0.46875,7.87446324119818e-05,9.851440017862465e-09,0.0012268736760806442,4.206786621473984e-11,9.683412693032313,12807.0,12807.0,-0.0037395897686074253,-0.0014565852196935806,0.0014573161308002382,0.0036386886521546005,6.014270515970486e-06,3.9526225037466596e-10,0.0023519315986107667,5.531582244543797e-06,0.001799415289693369,Telesismo
6.27975566559366,0.014258963579162358,0.01953125,0.00024495007763361315,6.018540970211306e-07,0.024243646446022896,1.1162996488418204e-09,10.201719805884114,3241.0,3241.0,-0.02241079164862423,-0.004958273831710982,0.005097569235775954,0.021869792360394213,7.948551439967717e-05,-9.886160935077882e-08,0.015212425273901905,0.00023141788271404943,0.009127322293020585,Telesismo
0.2208680186843012,7.907349114218067e-05,0.12890625,0.00010733840158994059,1.2084365679849402e-08,0.0015337547398688533,1.5635470613947723e-10,10.20035298138247,11335.0,11339.0,-0.004661503157389521,-0.001864601261775481,0.0018646012642162652,0.004589787720675878,7.171543283317951e-05,1.096681396171422e-07,0.0028529456751877425,8.139299025572444e-06,0.0022436695004068507,Telesismo
0.16261432710304266,5.6172368039399185e-05,0.44921875,8.33947006567171e-05,1.0538079897724117e-08,0.0010538651621183712,4.427228337996343e-11,10.20391654296873,21530.0,21530.0,-0.003967081783659908,-0.0015522528767509438,0.0015351562759954554,0.0039043280990476333,1.2927635343323847e-05,-1.0806530261536369e-08,0.002447972236003539,5.992568068244166e-06,0.0018966857214447101,Telesismo
